-- phpMyAdmin SQL Dump
-- version 4.7.7
-- https://www.phpmyadmin.net/
--
-- Host: localhost
-- Generation Time: Feb 25, 2018 at 05:59 AM
-- Server version: 10.1.30-MariaDB
-- PHP Version: 5.6.33

SET SQL_MODE = "NO_AUTO_VALUE_ON_ZERO";
SET AUTOCOMMIT = 0;
START TRANSACTION;
SET time_zone = "+00:00";


/*!40101 SET @OLD_CHARACTER_SET_CLIENT=@@CHARACTER_SET_CLIENT */;
/*!40101 SET @OLD_CHARACTER_SET_RESULTS=@@CHARACTER_SET_RESULTS */;
/*!40101 SET @OLD_COLLATION_CONNECTION=@@COLLATION_CONNECTION */;
/*!40101 SET NAMES utf8mb4 */;

--
-- Database: `db_dosen`
--

-- --------------------------------------------------------

--
-- Table structure for table `backup_honordosen`
--

CREATE TABLE `backup_honordosen` (
  `id_backup` int(11) NOT NULL,
  `periode` varchar(50) NOT NULL,
  `thn_ajaran` varchar(15) NOT NULL,
  `jmlhsesi` int(11) NOT NULL,
  `transport` int(11) NOT NULL,
  `kekurangan` int(11) NOT NULL,
  `id_dosen` int(11) NOT NULL,
  `honor` int(11) NOT NULL,
  `pph` double NOT NULL
) ENGINE=InnoDB DEFAULT CHARSET=latin1;

--
-- Dumping data for table `backup_honordosen`
--

INSERT INTO `backup_honordosen` (`id_backup`, `periode`, `thn_ajaran`, `jmlhsesi`, `transport`, `kekurangan`, `id_dosen`, `honor`, `pph`) VALUES
(1, '01/01/2018 - 01/30/2018', '2017/2018', 0, 0, 0, 1, 95000, 2.5),
(2, '01/01/2018 - 01/30/2018', '2017/2018', 0, 0, 0, 10, 85000, 2.5),
(3, '01/01/2018 - 01/30/2018', '2017/2018', 0, 0, 0, 1, 95000, 2.5),
(4, '01/01/2018 - 01/30/2018', '2017/2018', 4, 0, 0, 2, 140000, 2.5),
(5, '01/01/2018 - 01/30/2018', '2017/2018', 0, 0, 0, 3, 115000, 2.5),
(6, '01/01/2018 - 01/30/2018', '2017/2018', 0, 0, 0, 4, 112500, 2.5),
(7, '01/01/2018 - 01/30/2018', '2017/2018', 0, 0, 0, 5, 85000, 2.5),
(8, '01/01/2018 - 01/30/2018', '2017/2018', 0, 0, 0, 6, 115000, 2.5),
(9, '01/01/2018 - 01/30/2018', '2017/2018', 0, 0, 0, 7, 100000, 2.5),
(10, '01/01/2018 - 01/30/2018', '2017/2018', 0, 0, 0, 8, 250000, 2.5),
(11, '01/01/2018 - 01/30/2018', '2017/2018', 0, 0, 0, 9, 110000, 2.5),
(12, '01/01/2018 - 01/30/2018', '2017/2018', 0, 0, 0, 10, 85000, 2.5),
(13, '01/01/2018 - 01/30/2018', '2017/2018', 0, 0, 0, 11, 95000, 2.5),
(14, '01/01/2018 - 01/30/2018', '2017/2018', 0, 0, 0, 12, 85000, 2.5),
(15, '01/01/2018 - 01/30/2018', '2017/2018', 0, 0, 0, 13, 115000, 2.5),
(16, '01/01/2018 - 01/30/2018', '2017/2018', 0, 0, 0, 14, 85000, 2.5),
(17, '01/01/2018 - 01/30/2018', '2017/2018', 0, 0, 0, 15, 85000, 2.5),
(18, '01/01/2018 - 01/30/2018', '2017/2018', 0, 0, 0, 16, 125000, 2.5),
(19, '01/01/2018 - 01/30/2018', '2017/2018', 0, 0, 0, 17, 85000, 2.5),
(20, '01/01/2018 - 01/30/2018', '2017/2018', 0, 0, 0, 18, 115000, 2.5),
(21, '01/01/2018 - 01/30/2018', '2017/2018', 0, 0, 0, 19, 115000, 2.5),
(22, '01/01/2018 - 01/30/2018', '2017/2018', 0, 0, 0, 20, 105000, 2.5),
(23, '01/01/2018 - 01/30/2018', '2017/2018', 0, 0, 0, 21, 85000, 2.5),
(24, '01/01/2018 - 01/30/2018', '2017/2018', 0, 0, 0, 22, 105000, 2.5),
(25, '01/01/2018 - 01/30/2018', '2017/2018', 0, 0, 0, 23, 85000, 2.5),
(26, '01/01/2018 - 01/30/2018', '2017/2018', 0, 0, 0, 24, 95000, 2.5),
(27, '01/01/2018 - 01/30/2018', '2017/2018', 0, 0, 0, 25, 105000, 2.5),
(28, '01/01/2018 - 01/30/2018', '2017/2018', 0, 0, 0, 26, 105000, 2.5),
(29, '01/01/2018 - 01/30/2018', '2017/2018', 0, 0, 0, 27, 85000, 2.5),
(30, '01/01/2018 - 01/30/2018', '2017/2018', 0, 0, 0, 28, 105000, 2.5),
(31, '01/01/2018 - 01/30/2018', '2017/2018', 0, 0, 0, 29, 50000, 3),
(32, '01/01/2018 - 01/30/2018', '2017/2018', 0, 0, 0, 30, 105000, 2.5),
(33, '01/01/2018 - 01/30/2018', '2017/2018', 0, 0, 0, 31, 95000, 2.5),
(34, '01/01/2018 - 01/30/2018', '2017/2018', 0, 0, 0, 32, 95000, 2.5),
(35, '01/01/2018 - 01/30/2018', '2017/2018', 0, 0, 0, 33, 65000, 3),
(36, '01/01/2018 - 01/30/2018', '2017/2018', 0, 0, 0, 34, 105000, 2.5),
(37, '01/01/2018 - 01/30/2018', '2017/2018', 0, 0, 0, 35, 115000, 2.5),
(38, '01/01/2018 - 01/30/2018', '2017/2018', 0, 0, 0, 36, 115000, 2.5),
(39, '01/01/2018 - 01/30/2018', '2017/2018', 0, 0, 0, 37, 75000, 2.5),
(40, '01/01/2018 - 01/30/2018', '2017/2018', 0, 0, 0, 38, 90000, 2.5),
(41, '01/01/2018 - 01/30/2018', '2017/2018', 0, 0, 0, 39, 65000, 3),
(42, '01/01/2018 - 01/30/2018', '2017/2018', 0, 0, 0, 40, 105000, 2.5),
(43, '01/01/2018 - 01/30/2018', '2017/2018', 0, 0, 0, 41, 95000, 2.5),
(44, '01/01/2018 - 01/30/2018', '2017/2018', 0, 0, 0, 42, 95000, 2.5),
(45, '01/01/2018 - 01/30/2018', '2017/2018', 0, 0, 0, 43, 115000, 2.5),
(46, '01/01/2018 - 01/30/2018', '2017/2018', 0, 0, 0, 44, 85000, 2.5),
(47, '01/01/2018 - 01/30/2018', '2017/2018', 0, 0, 0, 45, 85000, 3),
(48, '01/01/2018 - 01/30/2018', '2017/2018', 0, 0, 0, 1, 95000, 2.5),
(49, '01/01/2018 - 01/30/2018', '2017/2018', 4, 0, 0, 2, 140000, 2.5),
(50, '01/01/2018 - 01/30/2018', '2017/2018', 0, 0, 0, 3, 115000, 2.5),
(51, '01/01/2018 - 01/30/2018', '2017/2018', 0, 0, 0, 4, 112500, 2.5),
(52, '01/01/2018 - 01/30/2018', '2017/2018', 0, 0, 0, 5, 85000, 2.5),
(53, '01/01/2018 - 01/30/2018', '2017/2018', 0, 0, 0, 6, 115000, 2.5),
(54, '01/01/2018 - 01/30/2018', '2017/2018', 0, 0, 0, 7, 100000, 2.5),
(55, '01/01/2018 - 01/30/2018', '2017/2018', 0, 0, 0, 8, 250000, 2.5),
(56, '01/01/2018 - 01/30/2018', '2017/2018', 0, 0, 0, 9, 110000, 2.5),
(57, '01/01/2018 - 01/30/2018', '2017/2018', 0, 0, 0, 10, 85000, 2.5),
(58, '01/01/2018 - 01/30/2018', '2017/2018', 0, 0, 0, 11, 95000, 2.5),
(59, '01/01/2018 - 01/30/2018', '2017/2018', 0, 0, 0, 12, 85000, 2.5),
(60, '01/01/2018 - 01/30/2018', '2017/2018', 0, 0, 0, 13, 115000, 2.5),
(61, '01/01/2018 - 01/30/2018', '2017/2018', 0, 0, 0, 14, 85000, 2.5),
(62, '01/01/2018 - 01/30/2018', '2017/2018', 0, 0, 0, 15, 85000, 2.5),
(63, '01/01/2018 - 01/30/2018', '2017/2018', 0, 0, 0, 16, 125000, 2.5),
(64, '01/01/2018 - 01/30/2018', '2017/2018', 0, 0, 0, 17, 85000, 2.5),
(65, '01/01/2018 - 01/30/2018', '2017/2018', 0, 0, 0, 18, 115000, 2.5),
(66, '01/01/2018 - 01/30/2018', '2017/2018', 0, 0, 0, 19, 115000, 2.5),
(67, '01/01/2018 - 01/30/2018', '2017/2018', 0, 0, 0, 20, 105000, 2.5),
(68, '01/01/2018 - 01/30/2018', '2017/2018', 0, 0, 0, 21, 85000, 2.5),
(69, '01/01/2018 - 01/30/2018', '2017/2018', 0, 0, 0, 22, 105000, 2.5),
(70, '01/01/2018 - 01/30/2018', '2017/2018', 0, 0, 0, 23, 85000, 2.5),
(71, '01/01/2018 - 01/30/2018', '2017/2018', 0, 0, 0, 24, 95000, 2.5),
(72, '01/01/2018 - 01/30/2018', '2017/2018', 0, 0, 0, 25, 105000, 2.5),
(73, '01/01/2018 - 01/30/2018', '2017/2018', 0, 0, 0, 26, 105000, 2.5),
(74, '01/01/2018 - 01/30/2018', '2017/2018', 0, 0, 0, 27, 85000, 2.5),
(75, '01/01/2018 - 01/30/2018', '2017/2018', 0, 0, 0, 28, 105000, 2.5),
(76, '01/01/2018 - 01/30/2018', '2017/2018', 0, 0, 0, 29, 50000, 3),
(77, '01/01/2018 - 01/30/2018', '2017/2018', 0, 0, 0, 30, 105000, 2.5),
(78, '01/01/2018 - 01/30/2018', '2017/2018', 0, 0, 0, 31, 95000, 2.5),
(79, '01/01/2018 - 01/30/2018', '2017/2018', 0, 0, 0, 32, 95000, 2.5),
(80, '01/01/2018 - 01/30/2018', '2017/2018', 0, 0, 0, 33, 65000, 3),
(81, '01/01/2018 - 01/30/2018', '2017/2018', 0, 0, 0, 34, 105000, 2.5),
(82, '01/01/2018 - 01/30/2018', '2017/2018', 0, 0, 0, 35, 115000, 2.5),
(83, '01/01/2018 - 01/30/2018', '2017/2018', 0, 0, 0, 36, 115000, 2.5),
(84, '01/01/2018 - 01/30/2018', '2017/2018', 0, 0, 0, 37, 75000, 2.5),
(85, '01/01/2018 - 01/30/2018', '2017/2018', 0, 0, 0, 38, 90000, 2.5),
(86, '01/01/2018 - 01/30/2018', '2017/2018', 0, 0, 0, 39, 65000, 3),
(87, '01/01/2018 - 01/30/2018', '2017/2018', 0, 0, 0, 40, 105000, 2.5),
(88, '01/01/2018 - 01/30/2018', '2017/2018', 0, 0, 0, 41, 95000, 2.5),
(89, '01/01/2018 - 01/30/2018', '2017/2018', 0, 0, 0, 42, 95000, 2.5),
(90, '01/01/2018 - 01/30/2018', '2017/2018', 0, 0, 0, 43, 115000, 2.5),
(91, '01/01/2018 - 01/30/2018', '2017/2018', 0, 0, 0, 44, 85000, 2.5),
(92, '01/01/2018 - 01/30/2018', '2017/2018', 0, 0, 0, 45, 85000, 3),
(93, '01/01/2018 - 01/30/2018', '2017/2018', 0, 0, 0, 1, 95000, 2.5),
(94, '01/01/2018 - 01/30/2018', '2017/2018', 4, 0, 0, 2, 140000, 2.5),
(95, '01/01/2018 - 01/30/2018', '2017/2018', 0, 0, 0, 3, 115000, 2.5),
(96, '01/01/2018 - 01/30/2018', '2017/2018', 0, 0, 0, 4, 112500, 2.5),
(97, '01/01/2018 - 01/30/2018', '2017/2018', 0, 0, 0, 5, 85000, 2.5),
(98, '01/01/2018 - 01/30/2018', '2017/2018', 0, 0, 0, 6, 115000, 2.5),
(99, '01/01/2018 - 01/30/2018', '2017/2018', 0, 0, 0, 7, 100000, 2.5),
(100, '01/01/2018 - 01/30/2018', '2017/2018', 0, 0, 0, 8, 250000, 2.5),
(101, '01/01/2018 - 01/30/2018', '2017/2018', 0, 0, 0, 9, 110000, 2.5),
(102, '01/01/2018 - 01/30/2018', '2017/2018', 0, 0, 0, 10, 85000, 2.5),
(103, '01/01/2018 - 01/30/2018', '2017/2018', 0, 0, 0, 11, 95000, 2.5),
(104, '01/01/2018 - 01/30/2018', '2017/2018', 0, 0, 0, 12, 85000, 2.5),
(105, '01/01/2018 - 01/30/2018', '2017/2018', 0, 0, 0, 13, 115000, 2.5),
(106, '01/01/2018 - 01/30/2018', '2017/2018', 0, 0, 0, 14, 85000, 2.5),
(107, '01/01/2018 - 01/30/2018', '2017/2018', 0, 0, 0, 15, 85000, 2.5),
(108, '01/01/2018 - 01/30/2018', '2017/2018', 0, 0, 0, 16, 125000, 2.5),
(109, '01/01/2018 - 01/30/2018', '2017/2018', 0, 0, 0, 17, 85000, 2.5),
(110, '01/01/2018 - 01/30/2018', '2017/2018', 0, 0, 0, 18, 115000, 2.5),
(111, '01/01/2018 - 01/30/2018', '2017/2018', 0, 0, 0, 19, 115000, 2.5),
(112, '01/01/2018 - 01/30/2018', '2017/2018', 0, 0, 0, 20, 105000, 2.5),
(113, '01/01/2018 - 01/30/2018', '2017/2018', 0, 0, 0, 21, 85000, 2.5),
(114, '01/01/2018 - 01/30/2018', '2017/2018', 0, 0, 0, 22, 105000, 2.5),
(115, '01/01/2018 - 01/30/2018', '2017/2018', 0, 0, 0, 23, 85000, 2.5),
(116, '01/01/2018 - 01/30/2018', '2017/2018', 0, 0, 0, 24, 95000, 2.5),
(117, '01/01/2018 - 01/30/2018', '2017/2018', 0, 0, 0, 25, 105000, 2.5),
(118, '01/01/2018 - 01/30/2018', '2017/2018', 0, 0, 0, 26, 105000, 2.5),
(119, '01/01/2018 - 01/30/2018', '2017/2018', 0, 0, 0, 27, 85000, 2.5),
(120, '01/01/2018 - 01/30/2018', '2017/2018', 0, 0, 0, 28, 105000, 2.5),
(121, '01/01/2018 - 01/30/2018', '2017/2018', 0, 0, 0, 29, 50000, 3),
(122, '01/01/2018 - 01/30/2018', '2017/2018', 0, 0, 0, 30, 105000, 2.5),
(123, '01/01/2018 - 01/30/2018', '2017/2018', 0, 0, 0, 31, 95000, 2.5),
(124, '01/01/2018 - 01/30/2018', '2017/2018', 0, 0, 0, 32, 95000, 2.5),
(125, '01/01/2018 - 01/30/2018', '2017/2018', 0, 0, 0, 33, 65000, 3),
(126, '01/01/2018 - 01/30/2018', '2017/2018', 0, 0, 0, 34, 105000, 2.5),
(127, '01/01/2018 - 01/30/2018', '2017/2018', 0, 0, 0, 35, 115000, 2.5),
(128, '01/01/2018 - 01/30/2018', '2017/2018', 0, 0, 0, 36, 115000, 2.5),
(129, '01/01/2018 - 01/30/2018', '2017/2018', 0, 0, 0, 37, 75000, 2.5),
(130, '01/01/2018 - 01/30/2018', '2017/2018', 0, 0, 0, 38, 90000, 2.5),
(131, '01/01/2018 - 01/30/2018', '2017/2018', 0, 0, 0, 39, 65000, 3),
(132, '01/01/2018 - 01/30/2018', '2017/2018', 0, 0, 0, 40, 105000, 2.5),
(133, '01/01/2018 - 01/30/2018', '2017/2018', 0, 0, 0, 41, 95000, 2.5),
(134, '01/01/2018 - 01/30/2018', '2017/2018', 0, 0, 0, 42, 95000, 2.5),
(135, '01/01/2018 - 01/30/2018', '2017/2018', 0, 0, 0, 43, 115000, 2.5),
(136, '01/01/2018 - 01/30/2018', '2017/2018', 0, 0, 0, 44, 85000, 2.5),
(137, '01/01/2018 - 01/30/2018', '2017/2018', 0, 0, 0, 45, 85000, 3),
(138, '01/01/2018 - 01/30/2018', '2017/2018', 0, 0, 0, 1, 95000, 2.5),
(139, '01/01/2018 - 01/30/2018', '2017/2018', 4, 0, 0, 2, 140000, 2.5),
(140, '01/01/2018 - 01/30/2018', '2017/2018', 0, 0, 0, 3, 115000, 2.5),
(141, '01/01/2018 - 01/30/2018', '2017/2018', 0, 0, 0, 4, 112500, 2.5),
(142, '01/01/2018 - 01/30/2018', '2017/2018', 0, 0, 0, 5, 85000, 2.5),
(143, '01/01/2018 - 01/30/2018', '2017/2018', 0, 0, 0, 6, 115000, 2.5),
(144, '01/01/2018 - 01/30/2018', '2017/2018', 0, 0, 0, 7, 100000, 2.5),
(145, '01/01/2018 - 01/30/2018', '2017/2018', 0, 0, 0, 8, 250000, 2.5),
(146, '01/01/2018 - 01/30/2018', '2017/2018', 0, 0, 0, 9, 110000, 2.5),
(147, '01/01/2018 - 01/30/2018', '2017/2018', 0, 0, 0, 10, 85000, 2.5),
(148, '01/01/2018 - 01/30/2018', '2017/2018', 0, 0, 0, 11, 95000, 2.5),
(149, '01/01/2018 - 01/30/2018', '2017/2018', 0, 0, 0, 12, 85000, 2.5),
(150, '01/01/2018 - 01/30/2018', '2017/2018', 0, 0, 0, 13, 115000, 2.5),
(151, '01/01/2018 - 01/30/2018', '2017/2018', 0, 0, 0, 14, 85000, 2.5),
(152, '01/01/2018 - 01/30/2018', '2017/2018', 0, 0, 0, 15, 85000, 2.5),
(153, '01/01/2018 - 01/30/2018', '2017/2018', 0, 0, 0, 16, 125000, 2.5),
(154, '01/01/2018 - 01/30/2018', '2017/2018', 0, 0, 0, 17, 85000, 2.5),
(155, '01/01/2018 - 01/30/2018', '2017/2018', 0, 0, 0, 18, 115000, 2.5),
(156, '01/01/2018 - 01/30/2018', '2017/2018', 0, 0, 0, 19, 115000, 2.5),
(157, '01/01/2018 - 01/30/2018', '2017/2018', 0, 0, 0, 20, 105000, 2.5),
(158, '01/01/2018 - 01/30/2018', '2017/2018', 0, 0, 0, 21, 85000, 2.5),
(159, '01/01/2018 - 01/30/2018', '2017/2018', 0, 0, 0, 22, 105000, 2.5),
(160, '01/01/2018 - 01/30/2018', '2017/2018', 0, 0, 0, 23, 85000, 2.5),
(161, '01/01/2018 - 01/30/2018', '2017/2018', 0, 0, 0, 24, 95000, 2.5),
(162, '01/01/2018 - 01/30/2018', '2017/2018', 0, 0, 0, 25, 105000, 2.5),
(163, '01/01/2018 - 01/30/2018', '2017/2018', 0, 0, 0, 26, 105000, 2.5),
(164, '01/01/2018 - 01/30/2018', '2017/2018', 0, 0, 0, 27, 85000, 2.5),
(165, '01/01/2018 - 01/30/2018', '2017/2018', 0, 0, 0, 28, 105000, 2.5),
(166, '01/01/2018 - 01/30/2018', '2017/2018', 0, 0, 0, 29, 50000, 3),
(167, '01/01/2018 - 01/30/2018', '2017/2018', 0, 0, 0, 30, 105000, 2.5),
(168, '01/01/2018 - 01/30/2018', '2017/2018', 0, 0, 0, 31, 95000, 2.5),
(169, '01/01/2018 - 01/30/2018', '2017/2018', 0, 0, 0, 32, 95000, 2.5),
(170, '01/01/2018 - 01/30/2018', '2017/2018', 0, 0, 0, 33, 65000, 3),
(171, '01/01/2018 - 01/30/2018', '2017/2018', 0, 0, 0, 34, 105000, 2.5),
(172, '01/01/2018 - 01/30/2018', '2017/2018', 0, 0, 0, 35, 115000, 2.5),
(173, '01/01/2018 - 01/30/2018', '2017/2018', 0, 0, 0, 36, 115000, 2.5),
(174, '01/01/2018 - 01/30/2018', '2017/2018', 0, 0, 0, 37, 75000, 2.5),
(175, '01/01/2018 - 01/30/2018', '2017/2018', 0, 0, 0, 38, 90000, 2.5),
(176, '01/01/2018 - 01/30/2018', '2017/2018', 0, 0, 0, 39, 65000, 3),
(177, '01/01/2018 - 01/30/2018', '2017/2018', 0, 0, 0, 40, 105000, 2.5),
(178, '01/01/2018 - 01/30/2018', '2017/2018', 0, 0, 0, 41, 95000, 2.5),
(179, '01/01/2018 - 01/30/2018', '2017/2018', 0, 0, 0, 42, 95000, 2.5),
(180, '01/01/2018 - 01/30/2018', '2017/2018', 0, 0, 0, 43, 115000, 2.5),
(181, '01/01/2018 - 01/30/2018', '2017/2018', 0, 0, 0, 44, 85000, 2.5),
(182, '01/01/2018 - 01/30/2018', '2017/2018', 0, 0, 0, 45, 85000, 3),
(183, '01/01/2018 - 01/30/2018', '2017/2018', 0, 0, 0, 1, 95000, 2.5),
(184, '01/01/2018 - 01/30/2018', '2017/2018', 4, 0, 0, 2, 140000, 2.5),
(185, '01/01/2018 - 01/30/2018', '2017/2018', 0, 0, 0, 3, 115000, 2.5),
(186, '01/01/2018 - 01/30/2018', '2017/2018', 0, 0, 0, 4, 112500, 2.5),
(187, '01/01/2018 - 01/30/2018', '2017/2018', 0, 0, 0, 5, 85000, 2.5),
(188, '01/01/2018 - 01/30/2018', '2017/2018', 0, 0, 0, 6, 115000, 2.5),
(189, '01/01/2018 - 01/30/2018', '2017/2018', 0, 0, 0, 7, 100000, 2.5),
(190, '01/01/2018 - 01/30/2018', '2017/2018', 0, 0, 0, 8, 250000, 2.5),
(191, '01/01/2018 - 01/30/2018', '2017/2018', 0, 0, 0, 9, 110000, 2.5),
(192, '01/01/2018 - 01/30/2018', '2017/2018', 0, 0, 0, 10, 85000, 2.5),
(193, '01/01/2018 - 01/30/2018', '2017/2018', 0, 0, 0, 11, 95000, 2.5),
(194, '01/01/2018 - 01/30/2018', '2017/2018', 0, 0, 0, 12, 85000, 2.5),
(195, '01/01/2018 - 01/30/2018', '2017/2018', 0, 0, 0, 13, 115000, 2.5),
(196, '01/01/2018 - 01/30/2018', '2017/2018', 0, 0, 0, 14, 85000, 2.5),
(197, '01/01/2018 - 01/30/2018', '2017/2018', 0, 0, 0, 15, 85000, 2.5),
(198, '01/01/2018 - 01/30/2018', '2017/2018', 0, 0, 0, 16, 125000, 2.5),
(199, '01/01/2018 - 01/30/2018', '2017/2018', 0, 0, 0, 17, 85000, 2.5),
(200, '01/01/2018 - 01/30/2018', '2017/2018', 0, 0, 0, 18, 115000, 2.5),
(201, '01/01/2018 - 01/30/2018', '2017/2018', 0, 0, 0, 19, 115000, 2.5),
(202, '01/01/2018 - 01/30/2018', '2017/2018', 0, 0, 0, 20, 105000, 2.5),
(203, '01/01/2018 - 01/30/2018', '2017/2018', 0, 0, 0, 21, 85000, 2.5),
(204, '01/01/2018 - 01/30/2018', '2017/2018', 0, 0, 0, 22, 105000, 2.5),
(205, '01/01/2018 - 01/30/2018', '2017/2018', 0, 0, 0, 23, 85000, 2.5),
(206, '01/01/2018 - 01/30/2018', '2017/2018', 0, 0, 0, 24, 95000, 2.5),
(207, '01/01/2018 - 01/30/2018', '2017/2018', 0, 0, 0, 25, 105000, 2.5),
(208, '01/01/2018 - 01/30/2018', '2017/2018', 0, 0, 0, 26, 105000, 2.5),
(209, '01/01/2018 - 01/30/2018', '2017/2018', 0, 0, 0, 27, 85000, 2.5),
(210, '01/01/2018 - 01/30/2018', '2017/2018', 0, 0, 0, 28, 105000, 2.5),
(211, '01/01/2018 - 01/30/2018', '2017/2018', 0, 0, 0, 29, 50000, 3),
(212, '01/01/2018 - 01/30/2018', '2017/2018', 0, 0, 0, 30, 105000, 2.5),
(213, '01/01/2018 - 01/30/2018', '2017/2018', 0, 0, 0, 31, 95000, 2.5),
(214, '01/01/2018 - 01/30/2018', '2017/2018', 0, 0, 0, 32, 95000, 2.5),
(215, '01/01/2018 - 01/30/2018', '2017/2018', 0, 0, 0, 33, 65000, 3),
(216, '01/01/2018 - 01/30/2018', '2017/2018', 0, 0, 0, 34, 105000, 2.5),
(217, '01/01/2018 - 01/30/2018', '2017/2018', 0, 0, 0, 35, 115000, 2.5),
(218, '01/01/2018 - 01/30/2018', '2017/2018', 0, 0, 0, 36, 115000, 2.5),
(219, '01/01/2018 - 01/30/2018', '2017/2018', 0, 0, 0, 37, 75000, 2.5),
(220, '01/01/2018 - 01/30/2018', '2017/2018', 0, 0, 0, 38, 90000, 2.5),
(221, '01/01/2018 - 01/30/2018', '2017/2018', 0, 0, 0, 39, 65000, 3),
(222, '01/01/2018 - 01/30/2018', '2017/2018', 0, 0, 0, 40, 105000, 2.5),
(223, '01/01/2018 - 01/30/2018', '2017/2018', 0, 0, 0, 41, 95000, 2.5),
(224, '01/01/2018 - 01/30/2018', '2017/2018', 0, 0, 0, 42, 95000, 2.5),
(225, '01/01/2018 - 01/30/2018', '2017/2018', 0, 0, 0, 43, 115000, 2.5),
(226, '01/01/2018 - 01/30/2018', '2017/2018', 0, 0, 0, 44, 85000, 2.5),
(227, '01/01/2018 - 01/30/2018', '2017/2018', 0, 0, 0, 45, 85000, 3),
(228, '01/01/2018 - 01/30/2018', '2017/2018', 4, 0, 0, 2, 140000, 2.5),
(229, '01/01/2018 - 01/30/2018', '2017/2018', 0, 0, 0, 1, 95000, 2.5),
(230, '01/01/2018 - 01/30/2018', '2017/2018', 4, 0, 0, 2, 140000, 2.5),
(231, '01/01/2018 - 01/30/2018', '2017/2018', 0, 0, 0, 3, 115000, 2.5),
(232, '01/01/2018 - 01/30/2018', '2017/2018', 0, 0, 0, 4, 112500, 2.5),
(233, '01/01/2018 - 01/30/2018', '2017/2018', 0, 0, 0, 5, 85000, 2.5),
(234, '01/01/2018 - 01/30/2018', '2017/2018', 0, 0, 0, 6, 115000, 2.5),
(235, '01/01/2018 - 01/30/2018', '2017/2018', 0, 0, 0, 7, 100000, 2.5),
(236, '01/01/2018 - 01/30/2018', '2017/2018', 0, 0, 0, 8, 250000, 2.5),
(237, '01/01/2018 - 01/30/2018', '2017/2018', 0, 0, 0, 9, 110000, 2.5),
(238, '01/01/2018 - 01/30/2018', '2017/2018', 0, 0, 0, 10, 85000, 2.5),
(239, '01/01/2018 - 01/30/2018', '2017/2018', 0, 0, 0, 11, 95000, 2.5),
(240, '01/01/2018 - 01/30/2018', '2017/2018', 0, 0, 0, 12, 85000, 2.5),
(241, '01/01/2018 - 01/30/2018', '2017/2018', 0, 0, 0, 13, 115000, 2.5),
(242, '01/01/2018 - 01/30/2018', '2017/2018', 0, 0, 0, 14, 85000, 2.5),
(243, '01/01/2018 - 01/30/2018', '2017/2018', 0, 0, 0, 15, 85000, 2.5),
(244, '01/01/2018 - 01/30/2018', '2017/2018', 0, 0, 0, 16, 125000, 2.5),
(245, '01/01/2018 - 01/30/2018', '2017/2018', 0, 0, 0, 17, 85000, 2.5),
(246, '01/01/2018 - 01/30/2018', '2017/2018', 0, 0, 0, 18, 115000, 2.5),
(247, '01/01/2018 - 01/30/2018', '2017/2018', 0, 0, 0, 19, 115000, 2.5),
(248, '01/01/2018 - 01/30/2018', '2017/2018', 0, 0, 0, 20, 105000, 2.5),
(249, '01/01/2018 - 01/30/2018', '2017/2018', 0, 0, 0, 21, 85000, 2.5),
(250, '01/01/2018 - 01/30/2018', '2017/2018', 0, 0, 0, 22, 105000, 2.5),
(251, '01/01/2018 - 01/30/2018', '2017/2018', 0, 0, 0, 23, 85000, 2.5),
(252, '01/01/2018 - 01/30/2018', '2017/2018', 0, 0, 0, 24, 95000, 2.5),
(253, '01/01/2018 - 01/30/2018', '2017/2018', 0, 0, 0, 25, 105000, 2.5),
(254, '01/01/2018 - 01/30/2018', '2017/2018', 0, 0, 0, 26, 105000, 2.5),
(255, '01/01/2018 - 01/30/2018', '2017/2018', 0, 0, 0, 27, 85000, 2.5),
(256, '01/01/2018 - 01/30/2018', '2017/2018', 0, 0, 0, 28, 105000, 2.5),
(257, '01/01/2018 - 01/30/2018', '2017/2018', 0, 0, 0, 29, 50000, 3),
(258, '01/01/2018 - 01/30/2018', '2017/2018', 0, 0, 0, 30, 105000, 2.5),
(259, '01/01/2018 - 01/30/2018', '2017/2018', 0, 0, 0, 31, 95000, 2.5),
(260, '01/01/2018 - 01/30/2018', '2017/2018', 0, 0, 0, 32, 95000, 2.5),
(261, '01/01/2018 - 01/30/2018', '2017/2018', 0, 0, 0, 33, 65000, 3),
(262, '01/01/2018 - 01/30/2018', '2017/2018', 0, 0, 0, 34, 105000, 2.5),
(263, '01/01/2018 - 01/30/2018', '2017/2018', 0, 0, 0, 35, 115000, 2.5),
(264, '01/01/2018 - 01/30/2018', '2017/2018', 0, 0, 0, 36, 115000, 2.5),
(265, '01/01/2018 - 01/30/2018', '2017/2018', 0, 0, 0, 37, 75000, 2.5),
(266, '01/01/2018 - 01/30/2018', '2017/2018', 0, 0, 0, 38, 90000, 2.5),
(267, '01/01/2018 - 01/30/2018', '2017/2018', 0, 0, 0, 39, 65000, 3),
(268, '01/01/2018 - 01/30/2018', '2017/2018', 0, 0, 0, 40, 105000, 2.5),
(269, '01/01/2018 - 01/30/2018', '2017/2018', 0, 0, 0, 41, 95000, 2.5),
(270, '01/01/2018 - 01/30/2018', '2017/2018', 0, 0, 0, 42, 95000, 2.5),
(271, '01/01/2018 - 01/30/2018', '2017/2018', 0, 0, 0, 43, 115000, 2.5),
(272, '01/01/2018 - 01/30/2018', '2017/2018', 0, 0, 0, 44, 85000, 2.5),
(273, '01/01/2018 - 01/30/2018', '2017/2018', 0, 0, 0, 45, 85000, 3);

-- --------------------------------------------------------

--
-- Table structure for table `dosen_jadwal`
--

CREATE TABLE `dosen_jadwal` (
  `id_jadwal` int(11) NOT NULL,
  `id_dosen` int(11) NOT NULL,
  `id_matkul` int(11) NOT NULL,
  `id_konsentrasi` int(11) NOT NULL,
  `sks` int(1) NOT NULL,
  `semester` int(1) NOT NULL
) ENGINE=InnoDB DEFAULT CHARSET=latin1;

-- --------------------------------------------------------

--
-- Table structure for table `dosen_kekurangan`
--

CREATE TABLE `dosen_kekurangan` (
  `id_kekurangan` int(11) NOT NULL,
  `banyak` int(11) NOT NULL,
  `nominal_satuan` int(11) NOT NULL,
  `periode_dari` varchar(15) NOT NULL,
  `periode_sampai` varchar(15) NOT NULL,
  `id_dosen` int(11) NOT NULL,
  `thn_ajaran` varchar(15) NOT NULL
) ENGINE=InnoDB DEFAULT CHARSET=latin1;

-- --------------------------------------------------------

--
-- Table structure for table `dosen_profil`
--

CREATE TABLE `dosen_profil` (
  `id_dosen` int(11) NOT NULL,
  `nama_lengkap` varchar(50) NOT NULL,
  `nidn` varchar(25) DEFAULT NULL,
  `jenis_kelamin` char(1) DEFAULT NULL,
  `tempat_lahir` varchar(25) NOT NULL,
  `tgl_lahir` varchar(50) NOT NULL,
  `status_nikah` varchar(4) DEFAULT NULL,
  `agama` varchar(4) NOT NULL,
  `pend_akhir` varchar(3) NOT NULL,
  `nama_institusi` varchar(255) DEFAULT NULL,
  `jurusan` varchar(50) DEFAULT NULL,
  `gelar` varchar(25) DEFAULT NULL,
  `no_hp` varchar(15) DEFAULT NULL,
  `whatsapp` varchar(15) NOT NULL,
  `email` varchar(40) NOT NULL,
  `alamat_rumah` text,
  `nama_kdarurat` varchar(50) DEFAULT NULL,
  `tlp_darurat` varchar(15) DEFAULT NULL,
  `tgl_kerja` varchar(15) NOT NULL,
  `id_praktisi` int(11) NOT NULL,
  `id_japung` int(11) NOT NULL,
  `npwp` varchar(25) DEFAULT NULL,
  `bank` varchar(15) DEFAULT NULL,
  `norekening` varchar(25) DEFAULT NULL,
  `img` varchar(25) DEFAULT NULL,
  `dsn_favorit` int(11) NOT NULL
) ENGINE=InnoDB DEFAULT CHARSET=latin1;

--
-- Dumping data for table `dosen_profil`
--

INSERT INTO `dosen_profil` (`id_dosen`, `nama_lengkap`, `nidn`, `jenis_kelamin`, `tempat_lahir`, `tgl_lahir`, `status_nikah`, `agama`, `pend_akhir`, `nama_institusi`, `jurusan`, `gelar`, `no_hp`, `whatsapp`, `email`, `alamat_rumah`, `nama_kdarurat`, `tlp_darurat`, `tgl_kerja`, `id_praktisi`, `id_japung`, `npwp`, `bank`, `norekening`, `img`, `dsn_favorit`) VALUES
(1, 'Adi Sucahyo', '9903250859', 'l', 'Tuban', '10/02/1960', 'me', 'is', 's2', 'UHAMKA JAKARTA', 'Keuangan', 'SE., MM', '085718033844', '', 'adilp3i@yahoo.com', 'Limus Pratama Regensi, Jl. Kediri XI No 5 Cileungsi, Bogor', '', '', '08/25/2017', 8, 4, '09.211.674.8-436.000', 'bni', '027.043.4857', NULL, 0),
(2, 'Ahmad Aniq', '', 'l', 'Jepara', '05/24/1981', 'me', 'is', 's2', 'Master in International Law Groningen University - The Netherlands', 'Inggris', 'S.H., LL.M', '085716756490', '', 'misteraniq@yahoo.com', 'Jl. H. Mughni VI Number 2, Kodau, Pondok Gede, Bekasi', '', '', '11/21/2011', 10, 4, '893906503516000', 'bni', '019.8571.433', NULL, 0),
(3, 'Aries Sudiarso', '8892320016', 'l', 'Balikpapan', '03/28/1975', 'me', 'is', 's2', 'UNIVERSITAS NEGRI JAKARTA TNI AL', 'Manajemen Sumber Daya Manusia', 'ST., MM', '081288223764', '082221956467', 'aries.25st@yahoo.co.id', 'Perum Kota Wisata Uncover UB 7 No 24', '', '', '10/04/2017', 11, 4, '68.307.624.4-515.000', 'siabuk', '472.100.2635', NULL, 0),
(4, 'Badriah', '-', 'p', 'Jakarta', '07/18/1990', 'me', 'is', 's2', 'LP3I Jakarta', 'Indonesia', 'S.Pd., M.Pd', '', '', 'badriah@gmail.com', '', '', '', '07/05/2012', 8, 7, '59.408.531.8-412.000', 'bca', '', NULL, 0),
(5, 'Budi Darmawan', '', 'l', 'Jakarta', '06/09/1989', 'me', 'is', 's1', 'STIKOM INDONESIA MAJU', 'Ilmu Komunikasi / Broadcasting', 'S.I.Kom', '085691192042', '085691192042', 'budiediting@gmail.com', 'Kp. Pintu Air Rt 02/09 Pabuaran Bogor', '', '', '07/19/2011', 9, 4, '45.397.789.4-403.000', 'bca', '6.815.057.337', NULL, 0),
(6, 'Drs. Ali Imran', '', 'l', 'Padang', '05/14/1954', 'me', 'is', 's2', 'UNIVERSITAS JAYABAYA', 'Adminitrasi Negara', 'M.AB', '', '', 'ali@gmail.com', 'Jl. Cenderawasih 6 No.327, Depok Jaya, Kodya Depok. pancoran Mas - Depok 16432', '', '', '07/11/2011', 11, 4, '25.005.611.6-412.000', 'bmd', '1.210.090.011.663', NULL, 0),
(7, 'Drs. H. Ahmad Syamsuddin', '', 'l', 'Prabumulih', '01/22/1957', 'me', 'is', 's2', 'UNIVERSITAS SRIWIJAYA', 'Manajemen Pemasaran', 'MM', '', '', 'ahmad@gmail.com', 'Jl. Rawamangun Muka II No 47 Rawamangun - Jakarta Timur', '', '', '10/04/2016', 10, 4, '07.494.837.8-201.000', 'bri', '047.983.3595', NULL, 0),
(8, 'Drs. Jaenudin Akhmad', '', 'l', 'Jakarta', '07/17/1980', 'me', 'is', 'sd', 'LP3I Jakarta', 'Businnes', 'S.E., M.M., M.Pd.', '', '', 'jaenudin@gmail.com', '', '', '', '11/02/2017', 8, 4, '59.439.248.2-009.000', 'bni', '023.131.071.4', NULL, 1),
(9, 'Dra. Juliati Sjarief', '', 'p', 'Bekasi', '07/23/1980', 'me', 'is', 's2', 'LP3I Jakarta', 'Indonesia', 'M.BA., M.Si', '', '', 'juliati@gmail.com', '', '', '', '11/04/2010', 10, 4, '49.601.318.6-412.000', 'bca', '6310148235', NULL, 0),
(10, 'Eddy Suwarno', '9903250791', 'l', 'Pacitan', '03/25/1981', 'me', 'is', 's1', 'UNIVERSITAS MH. THAMRIN', 'Manajemen Informatika', 'S.Kom', '081324567841', '', 'eddyarwega@gmail.com', 'Jl. Teratai IV No 119 JatiKramat Indah 1', '', '', '06/16/2010', 8, 4, '25.192.536.8-013.000', 'bni', '024.611.3414', '1512018535.png', 0),
(11, 'Eko Ramaditiya Adikara', '', 'l', 'Semarang', '02/03/1981', 'me', 'is', 's2', 'STIA YAPPAN', 'MIA (Magister Ilmu Administrasi)', 'S.Sos, M.Si', '081316584313', '', 'ramavgm@gmail.com', 'Perum. Jati Agung I Blok B3/6 Jati Bening RT 003/010 Jati Bening Baru Pondok Gede - Bekasi 17421', '', '', '06/16/2011', 8, 4, '34.992.297.1-432.000', 'bni', '028.433.2805', NULL, 0),
(12, 'Endah Fantini', '', 'p', 'Bekasi', '06/20/1978', 'me', 'is', 's2', 'MERCU BUANA', 'Magister Ilmu Komunikasi / Komunikasi Pemasaran', 'A.Md., ST., M.IKOM', '08972428607', '', 'endah@gmail.com', 'Jl. Gamprit I No. 44 Rt 003 Rw 014, Jatiwaringin, Pondok Gede, Kota Bekasi, Jawa Barat 00000', '', '', '10/04/2017', 8, 4, '49.320.418.4-432.000', 'bca', '', '1512017554.png', 0),
(13, 'Febriyanti', '301027305', 'p', 'Padang', '02/01/1973', 'me', 'is', 's2', 'UNINDRA', 'Bahasa Inggris', 'S.Pd., MM', '08129920965', '', 'febriyanti_73@yahoo.com', 'Jl. Makmur Rt 08/02 Kel. Susukan, Kec. Ciracas - Jakarta Timur', '', '', '06/15/2005', 8, 4, '44.486.346.8-009.000', 'bni', '279.019.491', NULL, 0),
(14, 'Findra Benhardi', '', 'l', 'Jakarta', '02/15/1971', 'du', 'is', 's1', 'UNIVERSITAS INDONESIA', 'Komunikasi (HUMAS)', 'S.Sos', '085222976622', '085222976622', 'syafiqfindra@gmail.com', 'Jl. Nusa jaya II No. 34 Rt 004/ Rw 002 Pondok Ranji Ciputat Timur Tangerang Banten', '', '', '07/15/2004', 8, 4, '26.980.676.6-411.000', 'bni', '026.467.1036', NULL, 0),
(15, 'Firdaus', '', 'l', 'Jakarta', '07/21/1981', 'me', 'is', 's2', 'LP3I Jakarta', 'General Affair', 'M.Hum', '', '', 'firdaus@gmail.com', '', '', '', '10/04/2017', 8, 4, '57.509.772.0-403.000', 'bbs', '040.047.7727', NULL, 0),
(16, 'Drs. H. Ferinton Machmud', '0313116204', 'l', 'Palembang', '11/13/1962', 'me', 'is', 's2', 'Universitas Indonesia', 'Keuangan Perbankan', 'Ak, CA, MM.', '08161980627', '', 'feriton@gmail.com', 'Jl. Cipinang Cempedak II No 17/6 Polonia', '', '', '07/07/2010', 11, 4, '17.828.961.7.002.000', 'bmd', '102.00.9643.4870', NULL, 0),
(17, 'Helmi Azahari', '', 'l', 'Prabumulih', '03/04/1966', 'me', 'is', 's2', 'UNIVERSITAS PARAMADINA', 'Komunikasi Korporat', 'S.T., M.I.Kom.', '0811900375', '0811900375', 'helmiazahari@gmail.com', 'Jl. Hudal Islam Kavling Amril No.82 RT 11/08 Jatimakmur Pondok Gede, Bekasi', '', '', '10/04/2017', 8, 4, '59.601.445.6-432.000', 'bca', '7.400.201.867', NULL, 0),
(18, 'Hesti Rian', '0316098304', 'p', 'Jakarta', '09/16/1983', 'me', 'is', 's2', 'UNIVERSITAS BUDI LUHUR', 'Ilmu Komputer', 'M.Kom', '08567744503', '08567744503', 'hestiriangustiawan@gmail.com', 'Jalan Servas, No.27 Rt.007/004, Jatimelati, Pondok Melati, Bekasi', '', '', '07/15/2010', 8, 7, '70.310.105.5-009.000', 'bni', '011.33.864.63', NULL, 0),
(19, 'Hilarius Abut', '0320066902', 'l', 'Flores', '06/20/1969', 'me', 'is', 's2', 'STIEBI (Sekolah Tinggi Ilmu Manajemen Bisnis Indonesia)', 'Manajemen Keuangan', 'S.Sos., MM', '081381419789', '', 'abuthilarius@yahoo.co.id', 'Villa Pendurenan indah 3 Blok G No 6', '', '', '10/08/2010', 8, 7, '09.211.863.7-403.000', 'bmd', '129.000.457.4121', NULL, 0),
(20, 'Ilham', '0320077703', 'l', 'Pangkal Pinang', '07/20/1977', 'me', 'is', 's2', 'UNIVERSITAS NEGERI JAKARTA', 'Pendidikan Bahasa inggris', 'M.Pd', '0818406082', '', 'ilhamsumanto@gmail.com', 'Jl. Kramat No. RT 07 RW 04 Kel. Setu Kec. Cipayung - Jakarta Timur 13880', '', '', '07/15/2010', 8, 4, '75.406.725.4-432.000', 'bni', '020.374.178', NULL, 0),
(21, 'Indra Hermawan', '', 'l', 'Depok', '07/24/1985', 'la', 'is', 's1', 'LP3I Jakarta', 'CAD', '', '', '', 'indra@gmail.com', '', '', '', '07/27/2011', 9, 4, '66.343.891.9-412.000', 'bmd', '1.570.004.031.580', NULL, 0),
(22, 'Inna Hanarti', '500', 'p', 'Bekasi', '07/19/1985', 'me', 'is', 's2', 'LP3I Jakarta', 'Developer', 'S.Pd., M.M.', '', '', 'inna@gmail.com', '', '', '', '07/20/2011', 8, 4, '28.803.626.2-432.000', 'bmd', '1.670.000.124.882', NULL, 0),
(23, 'Ir. Junian Gusti', '', 'l', 'Lubuk Tapi', '06/09/1964', 'me', 'is', 's2', 'STIMA IMMI JAKARTA', 'Manajemen', 'MM', '081280845212', '087870930475', 'juniangusti@yahoo.com', 'Puri Nirwana 2 Blok H-26 Rt 01 Rw 12 Kel. Harapan Jaya, Cibinong, 16914', '', '', '10/04/2017', 8, 4, '09.212.174.6.400.000', 'bni', '400.477.160', NULL, 0),
(24, 'Isran Adapta Yudha', '', 'l', 'Jakarta', '04/13/1991', 'la', 'is', 's2', 'STIAMI', 'Administrasi Publik', 'S.AP', '081285246954', '081285246954', 'isran.yudha@gmail.com', 'Jl. Kalimaya IV Blok D6 No 1 Rt 02/014', '', '', '07/15/2011', 8, 4, '89.190.001.1-432.000', 'bca', '179.002.2048', NULL, 0),
(25, 'Karno Ganjar Prasetyo', '0319078402', 'l', 'Pasuruan', '07/19/1984', 'me', 'is', 's2', 'NUSA MANDIRI', 'IT (E-Business)', 'M.Kom', '085711171946', '085711171946', 'karnogp@gmail.com', 'Depok Mulya II Blok AF No.10-11 Beji, Depok', '', '', '07/28/2011', 8, 4, '25.609.925.0-412.000', 'bmd', '900.002.4659.840', NULL, 0),
(26, 'Karnoto Hanif', '310077603', 'l', 'Pati', '07/10/1976', 'me', 'is', 's2', 'STMIK ERESHA', 'Teknik Informatika', 'M.Kom', '081288481023', '081288481023', 'arnonif@gmail.com', 'Villa Mutiara Gading 3 Blok D7 No 21', '', '', '07/14/2011', 8, 4, '44.731.904.7-435.000', 'bni', '0275.671.204', NULL, 0),
(27, 'Mardiah', '', 'p', 'Bekasi', '07/02/1989', 'me', 'is', 's1', 'UNIVERSITAS AZ ZAHRA', 'Ekonomi', 'SE', '083875367391', '', 'dyahelfarrasy@gmail.com', 'Kl. Raya Hankam Perum Depkes Rt 01 rw 09 No 69 Pondok Melati 2 Jatiwarna Bekasi 17000', '', '', '07/21/2011', 9, 4, '69.183.518.5-432.000', 'bni', '024.685.3017', NULL, 0),
(28, 'Maria Evy Purwitasri', '500', 'p', 'Jakarta', '10/07/1970', 'me', 'ka', 's2', 'UNIVERSITAS INDONESIA', 'Akuntasi', 'SE., M.Ak', '08565650880', '', 'mariaevyp70@gmail.com', 'Jl. Bulak Tingi Raya No. 53 Rt 4/Rw 3 Jati Warna Pondok Melati Bekasi', '', '', '07/14/2011', 8, 4, '67.210.952.7-005.000', 'bni', '272.676.443', NULL, 0),
(29, 'Mateus Molelawe', '', 'l', 'Bekasi', '07/25/1985', 'la', 'ka', 'd3', 'LP3I Jakarta', 'Informatika Komputer', 'A.Md', '', '', 'mateus@gmail.com', '', '', '', '10/12/2017', 8, 4, '', 'bmd', '1.670.001.013.142', NULL, 0),
(30, 'Maya Sofiana', '0313057201', 'p', 'Bekasi', '07/22/1981', 'me', 'is', 's2', 'UNIVERSITAS INDONESIA', 'SDM', 'S.Pd., MM', '08161893351', '08161893351', 'msofiana@yahoo.com', 'Perum Grand Residence, Cluster Prapanca II BB-17/06, Setu, Bekasi', '', '', '07/14/2011', 8, 4, '44.437.862.4-045.000', 'bni', '196.1160.12', NULL, 0),
(31, 'Miftahurrohman', '', 'l', 'Jakarta', '12/05/1990', 'me', 'is', 's2', 'UNIVERSITAS TRISAKTI JAKARTA', 'Keuangan', 'SE., M.Ak', '081221798756', '', 'Miftah_bks@yahoo.com', 'Jl. Pertamina Raya Kp. Kedaung, Babelan, Bekasi', '', '', '10/04/2017', 9, 4, '36.772.988.6-435.000', 'bmd', '900.00.1377318.0', NULL, 0),
(32, 'Mira Firlana', '500', 'p', 'Jakarta', '07/20/1989', 'la', 'is', 's2', 'LP3I Jakarta', 'Personality', 'M.Psi', '', '', 'mira@gmail.com', '', '', '', '10/04/2017', 8, 4, '35.019.133.4-432.000', 'bni', '04468.366.40', NULL, 0),
(33, 'Muhammad Yusuf', '', 'l', 'Bekasi', '07/27/1989', 'la', 'is', 's1', 'LP3I Jakarta', 'Inggris', 'S.Pd', '', '', 'yusuf@gmail.com', '', '', '', '10/04/2017', 8, 4, '', 'bni', '0264.6581.96', NULL, 0),
(34, 'Muntasir', '500', 'l', 'Bekasi', '09/16/1972', 'me', 'is', 's2', 'UNIVERSITAS AZ ZAHRA', 'Ekonomi Islam', 'SE., M.Ak', '08174908500', '', 'mr.munts@gmail.com', 'Jl. Nusa Indah Kp. Baru Rt 14/25 No. 29 Kali Abang Tengah Bekasi Utara', '', '', '07/14/2011', 8, 4, '87.32.429.1-407.000', 'bsm', '246.700.166.6', NULL, 0),
(35, 'Nasril', '500', 'l', 'Bekasi', '11/14/1985', 'me', 'is', 's2', 'LP3I Jakarta', 'Teknik Informatika', 'S.Kom., MM', '', '', 'nasril@gmail.com', '', '', '', '07/27/2011', 8, 7, '49.247.330.1-416.000', 'bni', '026.471.5554', NULL, 0),
(36, 'Nurul Giswi Karomah', '0324088702', 'p', 'Jakarta', '08/24/1987', 'me', 'is', 's2', 'STIAMI JAKARTA', 'Administrasi Bisnis', 'S.Pd., M.A', '087882570057', '087882570057', 'nurulgiswi@gmail.com', 'Jl. Krukut Pasar No 2 Jakarta Barat', '', '', '04/14/2011', 8, 7, '98.338.384.5-037.000', 'bni', '0256.559.308', NULL, 0),
(37, 'Ovi Chandra', '', 'p', 'Jakarta', '07/20/1989', 'la', 'is', 's1', 'LP3I Jakarta', 'Logistik', 'S.E', '', '', 'ovi@gmail.com', '', '', '', '10/11/2017', 9, 4, '20.045.026.3-015.000', 'bsm', '7.026.808.221', NULL, 0),
(38, 'Rangga Bagus Kusuma', '', 'l', 'Jakarta', '03/01/1989', 'la', 'is', 's1', 'SEKOLAH TINGGI ILMU KOMUNIKASI INDONESIA MAJU', 'Broadcasting / Penyiaran', 'S.I.kom', '081239989512', '081239989512', 'ranggakuzuma@gmail.com', 'Jl. Pedati Selatan No. 26A Rt/Rw 003/006 Kel. Cijantung Kec. Pasar Rebo - Jakarta Timur 13770', '', '', '03/10/2011', 10, 4, '64.231.050.2-009.000', 'cimbniaga', '702.66.8026.100', NULL, 0),
(39, 'Rifki Pintokoaji', '', 'l', 'Jakarta', '02/07/1994', 'la', 'is', 's1', 'UNIVERSITAS MH.THAMRIN', 'Teknik Informatika', 'S.Kom', '081291223677', '089694627410', 'rifkipintokoaji07@gmail.com', 'Jl. Durian 2, Blok A, No.16 Rt/Rw 05/010, Kel/Kec Jatiasih, Kota Bekasi, 17423', '', '', '10/04/2017', 8, 4, '', 'bmd', '9.000.029.425.197', '1512017685.png', 0),
(40, 'Sahang Sapta', '0301047603', 'l', 'Jakarta', '04/01/1976', 'me', 'ka', 's2', 'UNIVERSITAS INDONESIA', 'Manajemen Kekhususan Perbankan Keuangan', 'A.S., S.Sos., M.Si.M', '081286229095', '', 'sahang.lp3iz@yahoo.com', 'Jl. Udang Raya No. 90 Perum II Bekasi 17144', '', '', '07/20/2011', 8, 4, '46.777.222.4.432.000', 'bni', '042.005.511.2', NULL, 0),
(41, 'Sata Lesmana', '', 'l', 'Bekasi', '03/10/1989', 'la', 'is', 's2', 'UNIVERSITAS BUDI LUHUR', 'Sistem Informasi', 'S.Kom', '081317791189', '081317791189', 'lesmanasata@gmail.com', 'Jl.Swadaya 1. Kranggan Lembur Rt 001/002 Kel. Jari Rangga Kel. Jati Sampurna Kota Bekasi 17434', '', '', '07/13/2011', 8, 4, '64.207.239.1.432.000', 'bri', '0378.0101.933.5500', NULL, 0),
(42, 'Suhandriano', '', 'l', 'Bekasi', '07/19/1989', 'me', 'is', 's2', 'LP3I Jakarta', 'Export Import', 'SE., M.Si', '', '', 'suhan@gmail.com', '', '', '', '07/14/2011', 8, 4, '55.358.469.9-008.000', 'bni', '0266.0154.81', NULL, 0),
(43, 'Teddy Setiadi', '500', 'l', 'Jakarta', '07/12/1989', 'la', 'is', 's2', 'LP3I Jakarta', 'Metodologi', 'S.Sos., M.Kom', '', '', 'teddysetiady@gmail.com', '', '', '', '07/20/2011', 8, 7, '09.208.187.6.403.000', 'bni', '02.444.64.192', NULL, 0),
(44, 'Zukli Martono', '', 'l', 'Bekasi', '07/20/1989', 'me', 'is', 's1', 'LP3I Jakarta', 'Agama', 'Lc', '', '', 'zukli@gmail.com', '', '', '', '07/14/2011', 9, 4, '78.417.898.0-432.000', 'bca', '687.101.9077', NULL, 0),
(45, 'Herdiani Indrawati', '', 'p', 'Bogor', '01/18/1983', 'me', 'is', 's2', 'UNINDRA', 'Pendidikan Bahasa Indonesia', 'M.Pd', '085883232027', '085883232027', 'herdianiindrawati@gmail.com', 'Kp. Rawa Makmur Desa SingaJaya Kec. Jonggol Keb. Bogor', '', '', '10/04/2017', 8, 4, '', 'bni', '0206.444.148', NULL, 0);

-- --------------------------------------------------------

--
-- Table structure for table `dosen_sesi`
--

CREATE TABLE `dosen_sesi` (
  `id_dosensesi` int(11) NOT NULL,
  `id_dosen` int(11) NOT NULL,
  `thn_ajaran` varchar(15) NOT NULL,
  `periode_dari` varchar(15) NOT NULL,
  `periode_sampai` varchar(15) NOT NULL,
  `banyak_sesi` int(11) NOT NULL,
  `id_matkul` int(11) NOT NULL
) ENGINE=InnoDB DEFAULT CHARSET=latin1;

--
-- Dumping data for table `dosen_sesi`
--

INSERT INTO `dosen_sesi` (`id_dosensesi`, `id_dosen`, `thn_ajaran`, `periode_dari`, `periode_sampai`, `banyak_sesi`, `id_matkul`) VALUES
(1, 2, '2017/2018', '01/01/2018', '01/31/2018', 2, 37);

-- --------------------------------------------------------

--
-- Table structure for table `dosen_transport`
--

CREATE TABLE `dosen_transport` (
  `id_transport` int(11) NOT NULL,
  `id_dosen` int(11) NOT NULL,
  `thn_ajaran` varchar(15) NOT NULL,
  `periode_dari` varchar(15) NOT NULL,
  `periode_sampai` varchar(15) NOT NULL,
  `banyak_transport` int(11) NOT NULL,
  `id_matkul` int(11) NOT NULL
) ENGINE=InnoDB DEFAULT CHARSET=latin1;

--
-- Dumping data for table `dosen_transport`
--

INSERT INTO `dosen_transport` (`id_transport`, `id_dosen`, `thn_ajaran`, `periode_dari`, `periode_sampai`, `banyak_transport`, `id_matkul`) VALUES
(1, 2, '2017/2018', '12/26/2017', '01/25/2018', 1, 37);

-- --------------------------------------------------------

--
-- Table structure for table `hu_data`
--

CREATE TABLE `hu_data` (
  `id_hud` int(11) NOT NULL,
  `id_matkul` int(11) NOT NULL,
  `id_konsentrasi` int(11) NOT NULL,
  `qty_koreksi` int(11) NOT NULL,
  `tipekoreksi` varchar(5) NOT NULL,
  `qty_buat` int(11) NOT NULL,
  `tipebuat` varchar(5) NOT NULL,
  `qty_asistensi` int(11) NOT NULL,
  `id_hudosen` int(11) NOT NULL,
  `semester` int(11) NOT NULL
) ENGINE=InnoDB DEFAULT CHARSET=latin1;

-- --------------------------------------------------------

--
-- Table structure for table `hu_dosen`
--

CREATE TABLE `hu_dosen` (
  `id_hudosen` int(11) NOT NULL,
  `id_dosen` int(11) NOT NULL,
  `thn_ajaran` varchar(15) NOT NULL,
  `tgl` varchar(15) NOT NULL
) ENGINE=InnoDB DEFAULT CHARSET=latin1;

-- --------------------------------------------------------

--
-- Table structure for table `m_japung`
--

CREATE TABLE `m_japung` (
  `id_japung` int(11) NOT NULL,
  `nama_japung` varchar(50) NOT NULL,
  `nominal` int(11) NOT NULL
) ENGINE=InnoDB DEFAULT CHARSET=latin1;

--
-- Dumping data for table `m_japung`
--

INSERT INTO `m_japung` (`id_japung`, `nama_japung`, `nominal`) VALUES
(4, 'Tidak Ada', 0),
(5, 'Asisten Ahli', 5000),
(6, 'Lektor', 7500),
(7, 'Lektor Kepala', 10000);

-- --------------------------------------------------------

--
-- Table structure for table `m_konsentrasi`
--

CREATE TABLE `m_konsentrasi` (
  `id_konsentrasi` int(11) NOT NULL,
  `nama_konsentrasi` varchar(50) NOT NULL,
  `kd_konsentrasi` varchar(10) NOT NULL
) ENGINE=InnoDB DEFAULT CHARSET=latin1;

--
-- Dumping data for table `m_konsentrasi`
--

INSERT INTO `m_konsentrasi` (`id_konsentrasi`, `nama_konsentrasi`, `kd_konsentrasi`) VALUES
(4, 'Administrasi Bisnis 1', 'AB-1'),
(5, 'Administrasi Bisnis 2', 'AB-2'),
(6, 'Administrasi Bisnis 3', 'AB-3'),
(7, 'Administrasi Perkantoran 1', 'AP-1'),
(8, 'Administrasi Perkantoran 2', 'AP-2'),
(9, 'Administrasi Perkantoran 3', 'AP-3'),
(10, 'Computer Design Multimedia 1', 'CDM-1'),
(11, 'Computer Design Multimedia 2', 'CDM-2'),
(12, 'Computer Design Multimedia 3', 'CDM-3'),
(13, 'Informatika Komputer 1', 'IK-1'),
(14, 'Informatika Komputer 2', 'IK-2'),
(15, 'Informatika Komputer 3', 'IK-3'),
(16, 'Komputer Akutansi 1', 'KA-1'),
(17, 'Komputer Akutansi 2', 'KA-2'),
(18, 'Komputer Akutansi 3', 'KA-3'),
(19, 'Multimedia Komunikasi Visual 1', 'MKV-1'),
(20, 'Multimedia Komunikasi Visual 2', 'MKV-2'),
(21, 'Multimedia Komunikasi Visual 3', 'MKV-3');

-- --------------------------------------------------------

--
-- Table structure for table `m_matakuliah`
--

CREATE TABLE `m_matakuliah` (
  `id_matkul` int(11) NOT NULL,
  `nama_matkul` varchar(50) NOT NULL
) ENGINE=InnoDB DEFAULT CHARSET=latin1;

--
-- Dumping data for table `m_matakuliah`
--

INSERT INTO `m_matakuliah` (`id_matkul`, `nama_matkul`) VALUES
(7, '2D Animation II'),
(8, 'Akutansi Biaya 1'),
(9, 'Akutansi Manajemen'),
(10, 'Algorithms & Basic Programming'),
(11, 'Anggaran Perusahaan'),
(12, 'Animasi 3 Dimensi 2'),
(13, 'Aplikasi Komputer 1'),
(14, 'Aplikasi Komputer 2'),
(15, 'Audio Editing'),
(16, 'Bahasa Indonesia'),
(17, 'Bangking & Finance'),
(18, 'Business Correspondence'),
(19, 'Business English 1'),
(20, 'Business Presentation'),
(21, 'CAD'),
(22, 'Communication Visual of Marketing'),
(23, 'Computer Network 2(Linux Server)'),
(24, 'Dasar Akutansi'),
(26, 'Dasar Dasar Komunikasi'),
(27, 'Dasar Dasar Penyiaran'),
(28, 'Database Design'),
(29, 'Desain Grafis'),
(30, 'Education Of Religion (Putra)'),
(31, 'Education Of Religion (Putri)'),
(32, 'Export - Import Principles'),
(33, 'Export 1'),
(34, 'Finance Admistration'),
(35, 'General Affair'),
(36, 'General English 1'),
(37, 'HRM Development and Recruitment'),
(38, 'Import 1'),
(39, 'Introduction Business Administration'),
(40, 'Introduction to Computing'),
(41, 'Komonikasi Pemasaran'),
(42, 'Komunikasi Multimedia'),
(43, 'Manajemen Iventasi/Stock Exchange 2'),
(44, 'Manajemen Keuangan'),
(45, 'Marketing Management'),
(46, 'Marketing Management 1'),
(47, 'Metodologi Penulisandan Penelitian '),
(48, 'Modern Office Administrations'),
(49, 'Pasar Modal'),
(50, 'Pelayanan Prima'),
(51, 'Pemograman Berorientasi Objek II'),
(52, 'Pendidikan Pancasila'),
(53, 'Perpajakan 1'),
(54, 'Personality Development'),
(55, 'Service Accounting'),
(56, 'Statistik Bisnis'),
(57, 'System Design Analysis'),
(58, 'Taxation 2'),
(59, 'Video Production'),
(60, 'Visual Programming 2(VB.Net)'),
(61, 'Web Design');

-- --------------------------------------------------------

--
-- Table structure for table `m_pendidikan`
--

CREATE TABLE `m_pendidikan` (
  `id` int(11) NOT NULL,
  `id_pendidikan` varchar(5) NOT NULL,
  `nama_pendidikan` varchar(50) NOT NULL,
  `nominal` int(11) NOT NULL
) ENGINE=InnoDB DEFAULT CHARSET=latin1;

--
-- Dumping data for table `m_pendidikan`
--

INSERT INTO `m_pendidikan` (`id`, `id_pendidikan`, `nama_pendidikan`, `nominal`) VALUES
(1, 'sd', 'Sekolah Dasar', 0),
(2, 'smp', 'Sekolah Menengah Pertama', 0),
(3, 'sma', 'Sekolah Menengah Atas', 0),
(4, 'd1', 'Diploma 1', 0),
(5, 'd2', 'Diploma 2', 0),
(6, 'd3', 'Diploma 3', 50000),
(7, 's1', 'Sarjana', 65000),
(8, 's2', 'Magister', 85000),
(9, 's3', 'Doktoral', 105000);

-- --------------------------------------------------------

--
-- Table structure for table `m_praktisi`
--

CREATE TABLE `m_praktisi` (
  `id_praktisi` int(11) NOT NULL,
  `nama_praktisi` varchar(50) NOT NULL,
  `nominal` int(11) NOT NULL
) ENGINE=InnoDB DEFAULT CHARSET=latin1;

--
-- Dumping data for table `m_praktisi`
--

INSERT INTO `m_praktisi` (`id_praktisi`, `nama_praktisi`, `nominal`) VALUES
(8, 'Tidak Ada', 0),
(9, 'Praktisi 1', 10000),
(10, 'Praktisi 2', 15000),
(11, 'Praktisi 3', 20000);

-- --------------------------------------------------------

--
-- Table structure for table `p_lain`
--

CREATE TABLE `p_lain` (
  `id` int(11) NOT NULL,
  `0_3thn` int(11) NOT NULL,
  `3_5thn` int(11) NOT NULL,
  `5_10thn` int(11) NOT NULL,
  `10_15thn` int(11) NOT NULL,
  `l15thn` int(11) NOT NULL,
  `2sks` int(11) NOT NULL,
  `4sks` int(11) NOT NULL,
  `puts` int(11) NOT NULL,
  `puas` int(11) NOT NULL,
  `transport` int(11) NOT NULL,
  `nidn` int(11) NOT NULL,
  `dsn_favorit` int(11) NOT NULL,
  `pph_npwp` double NOT NULL,
  `pph_nonpwp` double NOT NULL,
  `mengawas` int(11) NOT NULL
) ENGINE=InnoDB DEFAULT CHARSET=latin1;

--
-- Dumping data for table `p_lain`
--

INSERT INTO `p_lain` (`id`, `0_3thn`, `3_5thn`, `5_10thn`, `10_15thn`, `l15thn`, `2sks`, `4sks`, `puts`, `puas`, `transport`, `nidn`, `dsn_favorit`, `pph_npwp`, `pph_nonpwp`, `mengawas`) VALUES
(1, 0, 7500, 10000, 20000, 25000, 2500, 4000, 40000, 50000, 20000, 10000, 250000, 2.5, 3, 0);

-- --------------------------------------------------------

--
-- Table structure for table `sesi_d`
--

CREATE TABLE `sesi_d` (
  `id_d` int(11) NOT NULL,
  `tgl_sesi` varchar(25) NOT NULL,
  `jmlhsesi` int(11) NOT NULL,
  `id_sesid` int(11) NOT NULL,
  `keterangan` text
) ENGINE=InnoDB DEFAULT CHARSET=latin1;

--
-- Dumping data for table `sesi_d`
--

INSERT INTO `sesi_d` (`id_d`, `tgl_sesi`, `jmlhsesi`, `id_sesid`, `keterangan`) VALUES
(4, '12/09/2017', 2, 3, 'hadir'),
(5, '01/01/2018', 1, 4, 'Hadir'),
(6, '01/02/2018', 1, 5, 'Hadir'),
(7, '01/01/2018', 1, 6, 'Hadir'),
(8, '01/02/2018', 1, 7, 'Hadir'),
(9, '01/22/2018', 2, 1, 'hadir'),
(10, '01/22/2018', 2, 2, 'hadir');

-- --------------------------------------------------------

--
-- Table structure for table `sesi_data`
--

CREATE TABLE `sesi_data` (
  `id_sesid` int(11) NOT NULL,
  `id_matkul` int(11) NOT NULL,
  `id_konsentrasi` int(11) NOT NULL,
  `sks` int(11) NOT NULL,
  `semester` int(11) NOT NULL,
  `id_sesi` int(11) NOT NULL,
  `nominal_inggris` int(11) DEFAULT NULL
) ENGINE=InnoDB DEFAULT CHARSET=latin1;

--
-- Dumping data for table `sesi_data`
--

INSERT INTO `sesi_data` (`id_sesid`, `id_matkul`, `id_konsentrasi`, `sks`, `semester`, `id_sesi`, `nominal_inggris`) VALUES
(1, 37, 7, 4, 1, 2, 30000),
(2, 16, 9, 2, 5, 2, 0);

-- --------------------------------------------------------

--
-- Table structure for table `sesi_dosen`
--

CREATE TABLE `sesi_dosen` (
  `id_sesi` int(11) NOT NULL,
  `id_dosen` int(11) NOT NULL,
  `thn_ajaran` varchar(15) NOT NULL
) ENGINE=InnoDB DEFAULT CHARSET=latin1;

--
-- Dumping data for table `sesi_dosen`
--

INSERT INTO `sesi_dosen` (`id_sesi`, `id_dosen`, `thn_ajaran`) VALUES
(1, 1, '2017/2018'),
(2, 2, '2017/2018');

--
-- Indexes for dumped tables
--

--
-- Indexes for table `backup_honordosen`
--
ALTER TABLE `backup_honordosen`
  ADD PRIMARY KEY (`id_backup`);

--
-- Indexes for table `dosen_jadwal`
--
ALTER TABLE `dosen_jadwal`
  ADD PRIMARY KEY (`id_jadwal`);

--
-- Indexes for table `dosen_kekurangan`
--
ALTER TABLE `dosen_kekurangan`
  ADD PRIMARY KEY (`id_kekurangan`);

--
-- Indexes for table `dosen_profil`
--
ALTER TABLE `dosen_profil`
  ADD PRIMARY KEY (`id_dosen`);

--
-- Indexes for table `dosen_sesi`
--
ALTER TABLE `dosen_sesi`
  ADD PRIMARY KEY (`id_dosensesi`);

--
-- Indexes for table `dosen_transport`
--
ALTER TABLE `dosen_transport`
  ADD PRIMARY KEY (`id_transport`);

--
-- Indexes for table `hu_data`
--
ALTER TABLE `hu_data`
  ADD PRIMARY KEY (`id_hud`);

--
-- Indexes for table `hu_dosen`
--
ALTER TABLE `hu_dosen`
  ADD PRIMARY KEY (`id_hudosen`);

--
-- Indexes for table `m_japung`
--
ALTER TABLE `m_japung`
  ADD PRIMARY KEY (`id_japung`);

--
-- Indexes for table `m_konsentrasi`
--
ALTER TABLE `m_konsentrasi`
  ADD PRIMARY KEY (`id_konsentrasi`);

--
-- Indexes for table `m_matakuliah`
--
ALTER TABLE `m_matakuliah`
  ADD PRIMARY KEY (`id_matkul`);

--
-- Indexes for table `m_pendidikan`
--
ALTER TABLE `m_pendidikan`
  ADD PRIMARY KEY (`id`);

--
-- Indexes for table `m_praktisi`
--
ALTER TABLE `m_praktisi`
  ADD PRIMARY KEY (`id_praktisi`);

--
-- Indexes for table `p_lain`
--
ALTER TABLE `p_lain`
  ADD PRIMARY KEY (`id`);

--
-- Indexes for table `sesi_d`
--
ALTER TABLE `sesi_d`
  ADD PRIMARY KEY (`id_d`);

--
-- Indexes for table `sesi_data`
--
ALTER TABLE `sesi_data`
  ADD PRIMARY KEY (`id_sesid`);

--
-- Indexes for table `sesi_dosen`
--
ALTER TABLE `sesi_dosen`
  ADD PRIMARY KEY (`id_sesi`);

--
-- AUTO_INCREMENT for dumped tables
--

--
-- AUTO_INCREMENT for table `backup_honordosen`
--
ALTER TABLE `backup_honordosen`
  MODIFY `id_backup` int(11) NOT NULL AUTO_INCREMENT, AUTO_INCREMENT=274;

--
-- AUTO_INCREMENT for table `dosen_jadwal`
--
ALTER TABLE `dosen_jadwal`
  MODIFY `id_jadwal` int(11) NOT NULL AUTO_INCREMENT;

--
-- AUTO_INCREMENT for table `dosen_kekurangan`
--
ALTER TABLE `dosen_kekurangan`
  MODIFY `id_kekurangan` int(11) NOT NULL AUTO_INCREMENT;

--
-- AUTO_INCREMENT for table `dosen_profil`
--
ALTER TABLE `dosen_profil`
  MODIFY `id_dosen` int(11) NOT NULL AUTO_INCREMENT, AUTO_INCREMENT=46;

--
-- AUTO_INCREMENT for table `dosen_sesi`
--
ALTER TABLE `dosen_sesi`
  MODIFY `id_dosensesi` int(11) NOT NULL AUTO_INCREMENT, AUTO_INCREMENT=2;

--
-- AUTO_INCREMENT for table `dosen_transport`
--
ALTER TABLE `dosen_transport`
  MODIFY `id_transport` int(11) NOT NULL AUTO_INCREMENT, AUTO_INCREMENT=2;

--
-- AUTO_INCREMENT for table `hu_data`
--
ALTER TABLE `hu_data`
  MODIFY `id_hud` int(11) NOT NULL AUTO_INCREMENT;

--
-- AUTO_INCREMENT for table `hu_dosen`
--
ALTER TABLE `hu_dosen`
  MODIFY `id_hudosen` int(11) NOT NULL AUTO_INCREMENT;

--
-- AUTO_INCREMENT for table `m_japung`
--
ALTER TABLE `m_japung`
  MODIFY `id_japung` int(11) NOT NULL AUTO_INCREMENT, AUTO_INCREMENT=8;

--
-- AUTO_INCREMENT for table `m_konsentrasi`
--
ALTER TABLE `m_konsentrasi`
  MODIFY `id_konsentrasi` int(11) NOT NULL AUTO_INCREMENT, AUTO_INCREMENT=22;

--
-- AUTO_INCREMENT for table `m_matakuliah`
--
ALTER TABLE `m_matakuliah`
  MODIFY `id_matkul` int(11) NOT NULL AUTO_INCREMENT, AUTO_INCREMENT=62;

--
-- AUTO_INCREMENT for table `m_pendidikan`
--
ALTER TABLE `m_pendidikan`
  MODIFY `id` int(11) NOT NULL AUTO_INCREMENT, AUTO_INCREMENT=10;

--
-- AUTO_INCREMENT for table `m_praktisi`
--
ALTER TABLE `m_praktisi`
  MODIFY `id_praktisi` int(11) NOT NULL AUTO_INCREMENT, AUTO_INCREMENT=12;

--
-- AUTO_INCREMENT for table `p_lain`
--
ALTER TABLE `p_lain`
  MODIFY `id` int(11) NOT NULL AUTO_INCREMENT, AUTO_INCREMENT=2;

--
-- AUTO_INCREMENT for table `sesi_d`
--
ALTER TABLE `sesi_d`
  MODIFY `id_d` int(11) NOT NULL AUTO_INCREMENT, AUTO_INCREMENT=11;

--
-- AUTO_INCREMENT for table `sesi_data`
--
ALTER TABLE `sesi_data`
  MODIFY `id_sesid` int(11) NOT NULL AUTO_INCREMENT, AUTO_INCREMENT=3;

--
-- AUTO_INCREMENT for table `sesi_dosen`
--
ALTER TABLE `sesi_dosen`
  MODIFY `id_sesi` int(11) NOT NULL AUTO_INCREMENT, AUTO_INCREMENT=3;
COMMIT;

/*!40101 SET CHARACTER_SET_CLIENT=@OLD_CHARACTER_SET_CLIENT */;
/*!40101 SET CHARACTER_SET_RESULTS=@OLD_CHARACTER_SET_RESULTS */;
/*!40101 SET COLLATION_CONNECTION=@OLD_COLLATION_CONNECTION */;
